Link,Name,Location,Price
https://cofynd.com/coworking/gurugram?page=1, 91Springboard, Sector 44 - Gurugram, 8000 / month
https://cofynd.com/coworking/gurugram?page=1, CoWorkkeys Magnum Tower 2, Sector 58 - Gurgaon, 7000 / month
https://cofynd.com/coworking/gurugram?page=1, Innov8 Golf Course Road, Orchid Centre - Gurugram, 12000 / month
https://cofynd.com/coworking/gurugram?page=1, 91springboard Golf Course Road, Sector 53 - Gurugram, 12000 / month
https://cofynd.com/coworking/gurugram?page=1, AltF Coworking - Orchid Business Park, Sohna Road - Gurugram, 8000 / month
https://cofynd.com/coworking/gurugram?page=1, Coworkkeys Golf Course Road, Golf Course Road - Gurgaon, 9000 / month
https://cofynd.com/coworking/gurugram?page=1, VentureX Sec 29, Sector 29 - Gurugram, 14000 / month
https://cofynd.com/coworking/gurugram?page=1, The Circle Work, Golf Course Road - Gurugram, 20000 / month
https://cofynd.com/coworking/gurugram?page=1, TRIOS - Akaya One - Gurgaon, Sector 32 - Gurgaon, 7000 / month
https://cofynd.com/coworking/gurugram?page=1, VentureX Silverton Tower, Golf Course Extension Road - Gurgaon, 10000 / month
https://cofynd.com/coworking/gurugram?page=1, Awfis Ambience Mall, DLF Cyber City - Gurugram, 10500 / month
https://cofynd.com/coworking/gurugram?page=1, Plus Offices, Golf Course Extension Road - Gurugram, 9000 / month
https://cofynd.com/coworking/gurugram?page=1, CoWrks, Sector-24 - Gurugram, 25000 / month
https://cofynd.com/coworking/gurugram?page=1, Venture X Landmark Cyberpark, Golf Course Extension Road - Gurugram, 8500 / month
https://cofynd.com/coworking/gurugram?page=1, Awfis Coworking Gurgaon, Sector 63 - Gurugram, 10000 / month
https://cofynd.com/coworking/gurugram?page=1, Kibu Coworking, Udyog Vihar - Gurugram, 8000 / month
https://cofynd.com/coworking/gurugram?page=1, Awfis, Golf Course Road - Gurgaon, 10000 / month
https://cofynd.com/coworking/gurugram?page=1, CoWrks, Sector 54 - Gurugram, 22000 / month
https://cofynd.com/coworking/gurugram?page=1, MiQB, Sector 18 - Gurugram, 6000 / month
https://cofynd.com/coworking/gurugram?page=1, Awfis, Sector 44 - Gurugram, 8500 / month
https://cofynd.com/coworking/gurugram?page=2, CoworkInsta, DLF Phase - 4 - Gurugram, 7000 / month
https://cofynd.com/coworking/gurugram?page=2, Awfis, Tower-B - Sector - 39 Gurugram, 14000 / month
https://cofynd.com/coworking/gurugram?page=2, Altf, JMD Empire Square - Gurugram, 12000 / year
https://cofynd.com/coworking/gurugram?page=2, India Accelerator, MGF Metropolis Mall - Gurugram, 12000 / year
https://cofynd.com/coworking/gurugram?page=2, CO-OFFIZ, Golf Course Extension - Gurugram, 7500 / month
https://cofynd.com/coworking/gurugram?page=2, WeWork Forum, DLF Cyber City - Gurugram, 32000 / month
https://cofynd.com/coworking/gurugram?page=2, AltF, Golf Course Extension - Gurugram, 6000 / month
https://cofynd.com/coworking/gurugram?page=2, AltF Megacity, MGF Megacity - Gurugram, 13000 / month
https://cofynd.com/coworking/gurugram?page=2, Spring House, DLF Phase IV - Gurugram, 9000 / month
https://cofynd.com/coworking/gurugram?page=2, Fume, Udyog Vihar - Phase IV - Gurugram, 8000 / month
https://cofynd.com/coworking/gurugram?page=2, Smartworks, Golf Course Road - Gurugram, 13000 / month
https://cofynd.com/coworking/gurugram?page=2, The Office Pass, JMD Megapolis - Gurugram, 6500 / month
https://cofynd.com/coworking/gurugram?page=2, Spring House, MG Road - Gurugram, 14000 / month
https://cofynd.com/coworking/gurugram?page=2, VORKZONE, JMD Megapolis - Gurugram, 9000 / month
https://cofynd.com/coworking/gurugram?page=2, Vatika Business, Sohna Road - Gurugram, 22000 / month
https://cofynd.com/coworking/gurugram?page=2, Innov8, DLF Cyber City - Gurugram, 27000 / month
https://cofynd.com/coworking/gurugram?page=2, Smartworks, Sector 39 - Gurugram, 12000 / month
https://cofynd.com/coworking/gurugram?page=2, Vatika First India Place, MG Road - Gurugram, 25000 / month
https://cofynd.com/coworking/gurugram?page=2, Incuspaze, Enkay Square - Gurugram, 8000 / month
https://cofynd.com/coworking/gurugram?page=2, Vatika Triangle, Sushant Lok Phase - I - Gurugram, 25000 / month
https://cofynd.com/coworking/gurugram?page=3, The Office Pass, DLF Cyber City - Gurugram, 16000 / month
https://cofynd.com/coworking/gurugram?page=3, My Offiz, Sector 20 - Gurugram, 6000 / month
https://cofynd.com/coworking/gurugram?page=3, CorporatEdge, DLF Cyber City - Gurugram, 27000 / month
https://cofynd.com/coworking/gurugram?page=3, AltF, Sushant Lok - Gurugram, 8000 / month
https://cofynd.com/coworking/gurugram?page=3, CorporatEdge, Two Horizon Centre - Gurugram, 42000 / month
https://cofynd.com/coworking/gurugram?page=3, CorporatEdge, DLF Epitome - Gurugram, 28000 / month
https://cofynd.com/coworking/gurugram?page=3, WeWork, Vi-John Tower - Gurugram, 14000 / month
https://cofynd.com/coworking/gurugram?page=3, The Circle.Work, HUDA City Centre - Gurugram, 15000 / month
https://cofynd.com/coworking/gurugram?page=3, WeWork MG Road, Platina Tower - Gurugram, 24000 / month
https://cofynd.com/coworking/gurugram?page=3, The Office Pass, Unitech Cyber Park - Gurugram, 13000 / month
https://cofynd.com/coworking/gurugram?page=3, Cowork by Investopad, Prem Puri - Sector 32 - Gurugram, 10000 / month
https://cofynd.com/coworking/gurugram?page=3, WeWork, Blue One Square - Gurugram, 16000 / month
https://cofynd.com/coworking/gurugram?page=3, ReOffice, Nirvana Courtyard - Gurugram, 6299 / month
https://cofynd.com/coworking/gurugram?page=3, WeWork, The Galaxy Hotel - Gurugram, 18000 / month
https://cofynd.com/coworking/gurugram?page=3, WeWork Golf Course Road, Two Horizon Centre - Gurugram, 38000 / month
https://cofynd.com/coworking/gurugram?page=3, ReOffice, Good Earth City Centre - Gurugram, 6000 / month
https://cofynd.com/coworking/gurugram?page=3, Skootr, Infinity Tower - Gurugram, 25000 / month
https://cofynd.com/coworking/gurugram?page=3, Startup Office 101, Centrum Plaza - Golf Course Road - Gurugram, 12000 / month
https://cofynd.com/coworking/gurugram?page=3, Desqworx, JMD Megapolis - Gurugram, 9000 / month
https://cofynd.com/coworking/gurugram?page=3, Spring House, Sohna Road - Gurugram, 9000 / month
https://cofynd.com/coworking/gurugram?page=4, 91springboard, Udyog Vihar - Gurugram, 11000 / month
https://cofynd.com/coworking/gurugram?page=4, Avanta Business, Sector 30 - Gurugram, 15000 / month
https://cofynd.com/coworking/gurugram?page=4, Cube8, Udyog Vihar - Sector 18 - Gurugram, 8000 / month
https://cofynd.com/coworking/gurugram?page=4, AltF, Plaza Mall - Gurugram, 11000 / month
https://cofynd.com/coworking/gurugram?page=4, 91springboard, Maruti Industrial Area - Gurugram, 9200 / month
https://cofynd.com/coworking/gurugram?page=4, The Office Pass, DLF Cyber City - Gurugram, 16000 / month
https://cofynd.com/coworking/gurugram?page=4, My Offiz, Sector 20 - Gurugram, 6000 / month
https://cofynd.com/coworking/gurugram?page=4, The Office Pass, JMD Megapolis - Gurugram, 6500 / month
https://cofynd.com/coworking/gurugram?page=4, The Office Pass, Unitech Cyber Park - Gurugram, 13000 / month
https://cofynd.com/coworking/gurugram?page=4, Spring House, MG Road - Gurugram, 14000 / month
https://cofynd.com/coworking/gurugram?page=4, CorporatEdge, DLF Cyber City - Gurugram, 27000 / month
https://cofynd.com/coworking/gurugram?page=4, AltF, Sushant Lok - Gurugram, 8000 / month
https://cofynd.com/coworking/gurugram?page=4, VORKZONE, JMD Megapolis - Gurugram, 9000 / month
https://cofynd.com/coworking/gurugram?page=4, Whizzo Co-Working, Sector-48 - Gurugram, 5000 / month
https://cofynd.com/coworking/gurugram?page=4, CorporatEdge, Two Horizon Centre - Gurugram, 42000 / month
https://cofynd.com/coworking/gurugram?page=4, CorporatEdge, DLF Epitome - Gurugram, 28000 / month
https://cofynd.com/coworking/gurugram?page=4, Smartworks, Sector 39 - Gurugram, 12000 / month
https://cofynd.com/coworking/gurugram?page=4, Vatika Business, Sohna Road - Gurugram, 22000 / month
https://cofynd.com/coworking/gurugram?page=4, Fortune Workspace, Omaxe City Centre - Gurugram, 6000 / month
https://cofynd.com/coworking/gurugram?page=4, Incuspaze, Enkay Square - Gurugram, 8000 / month
https://cofynd.com/coworking/gurugram?page=5, Plus Offices, Sector-44 - Gurugram, 10000 / month
https://cofynd.com/coworking/gurugram?page=5, 91springboard, Udyog Vihar - Gurugram, 11000 / month
https://cofynd.com/coworking/gurugram?page=5, Avanta Business, Sector 30 - Gurugram, 15000 / month
https://cofynd.com/coworking/gurugram?page=5, Cube8, Udyog Vihar - Sector 18 - Gurugram, 8000 / month
https://cofynd.com/coworking/gurugram?page=5, AltF, Plaza Mall - Gurugram, 11000 / month
https://cofynd.com/coworking/gurugram?page=5, 91springboard, Maruti Industrial Area - Gurugram, 9200 / month
https://cofynd.com/coworking/gurugram?page=5, The Office Pass, DLF Cyber City - Gurugram, 16000 / month
https://cofynd.com/coworking/gurugram?page=5, My Offiz, Sector 20 - Gurugram, 6000 / month
https://cofynd.com/coworking/gurugram?page=5, India Accelerator, Golf Course Extension - Gurgaon, 10000 / month
https://cofynd.com/coworking/gurugram?page=5, CorporatEdge, DLF Epitome - Gurugram, 28000 / month
https://cofynd.com/coworking/gurugram?page=5, Cowork by Investopad, Prem Puri - Sector 32 - Gurugram, 10000 / month
https://cofynd.com/coworking/gurugram?page=5, WeWork MG Road, Platina Tower - Gurugram, 24000 / month
https://cofynd.com/coworking/gurugram?page=5, CoElevate, Sector 74 - Gurgaon, 7500 / month
https://cofynd.com/coworking/gurugram?page=5, ReOffice, Nirvana Courtyard - Gurugram, 6299 / month
https://cofynd.com/coworking/gurugram?page=5, Alt-Office, B 583 Sushant Lok I - Gurgaon, 6000 / month
https://cofynd.com/coworking/gurugram?page=5, WeWork, The Galaxy Hotel - Gurugram, 18000 / month
https://cofynd.com/coworking/gurugram?page=5, Alt-Office, A 584 Sushant Lok I - Gurgaon, 6000 / month
https://cofynd.com/coworking/gurugram?page=5, innov8, Sector 32 - Gurgaon, 8500 / month
https://cofynd.com/coworking/gurugram?page=5, CorporatEdge, DLF Cyber City - Gurugram, 27000 / month
https://cofynd.com/coworking/gurugram?page=5, AltF, Sushant Lok - Gurugram, 8000 / month
https://cofynd.com/coworking/gurugram?page=6, Think Valley, Institutional Area - Gurugram, 9000 / month
https://cofynd.com/coworking/gurugram?page=6, PK ONLINE, Sector 43 - Gurgaon, 40000 / month
https://cofynd.com/coworking/gurugram?page=6, Renu Agarwal & Company, Sector 48 - Gurugram, 18000 / month
https://cofynd.com/coworking/gurugram?page=6, Desker CoWorking Gurugram, Golf Course Road - Sector 53 - Gurugram, 18000 / month
https://cofynd.com/coworking/gurugram?page=6, 91springboard, Udyog Vihar - Gurugram, 11000 / month
https://cofynd.com/coworking/gurugram?page=6, Brassworks, Udyog vihar phase 1  - Gurugram, 8000 / month
https://cofynd.com/coworking/gurugram?page=6, Emaar Digital Green, Sector 61 - Gurgaon, 10000 / month
https://cofynd.com/coworking/gurugram?page=6, Gworks, Sector 57 - Gurugram, 8000 / month
https://cofynd.com/coworking/gurugram?page=6, Apeejay Business, DLF Cyber City - Gurugram, 28000 / month
https://cofynd.com/coworking/gurugram?page=6, Plus Offices, Sector-44 - Gurugram, 10000 / month
https://cofynd.com/coworking/gurugram?page=6, TutorBin, Udyog Vihar - Sector 18 - Gurugram, 6000 / month
https://cofynd.com/coworking/gurugram?page=6, Morelife Coworking, Golf Course Road - Gurugram, 6000 / month
https://cofynd.com/coworking/gurugram?page=6, Avanta Business, Sector 30 - Gurugram, 15000 / month
https://cofynd.com/coworking/gurugram?page=6, Beyond just work, Sector 14 - Gurgaon, 5500 / month
https://cofynd.com/coworking/gurugram?page=6, FlxHo, Sector 43 - Gurgaon, 6599 / month
https://cofynd.com/coworking/gurugram?page=6, The Circle Work Palm Springs, Sector 54 - Gurugram, 22500 / month
https://cofynd.com/coworking/gurugram?page=6, Coworkkeys MG Road, Dlf phase 2 - Gurugram, 10000 / month
https://cofynd.com/coworking/gurugram?page=6, 91springboard, Maruti Industrial Area - Gurugram, 9200 / month
https://cofynd.com/coworking/gurugram?page=6, The Office Pass, DLF Cyber City - Gurugram, 16000 / month
https://cofynd.com/coworking/gurugram?page=6, AltF, Plaza Mall - Gurugram, 11000 / month
https://cofynd.com/coworking/gurugram?page=7, Ofis Square, Sector 49 - Gurugram, 10500 / month
https://cofynd.com/coworking/gurugram?page=7, Lacore Workspaces, Vipul Trade Centre  -Gurgaon, 4000 / month
https://cofynd.com/coworking/gurugram?page=7, UIncept Workspaces by Cofynd, Golf Course Extension Road - Gurugram, 9000 / month
https://cofynd.com/coworking/gurugram?page=7, AltF Coworking, Sikanderpur - Sector 26 - Gurugram, 13000 / month
https://cofynd.com/coworking/gurugram?page=7, Workie, Sector 44 - Gurgaon, 9500 / month
https://cofynd.com/coworking/gurugram?page=7, Think Valley, Institutional Area - Gurugram, 9000 / month
https://cofynd.com/coworking/gurugram?page=7, Land 2 Roof | DLF Corporate Greens, Sector 74A - Gurugram, 6000 / month
https://cofynd.com/coworking/gurugram?page=7, Vatika Business, Sohna Road - Gurugram, 22000 / month
https://cofynd.com/coworking/gurugram?page=7, Le Meridien Coworking, Sector 26 - Gurgaon, 20000 / month
https://cofynd.com/coworking/gurugram?page=7, Fortune Workspace, Omaxe City Centre - Gurugram, 6000 / month
https://cofynd.com/coworking/gurugram?page=7, GreenZilla Cafe, Sector 29 - Gurugram, 600 / day
https://cofynd.com/coworking/gurugram?page=7, Incuspaze, Enkay Square - Gurugram, 8000 / month
https://cofynd.com/coworking/gurugram?page=7, Work Bee Coworking Space, JMD Megapolic - Sector 48 - Gurugram, 8000 / month
https://cofynd.com/coworking/gurugram?page=7, Shulin Enterprises, Block C 2 - Gurugram, 49000 / month
https://cofynd.com/coworking/gurugram?page=7, Oahfeo Hatch, Sector 45 - Gurgaon, 8499 / month
https://cofynd.com/coworking/gurugram?page=7, Vatika Triangle, Sushant Lok Phase - I - Gurugram, 25000 / month
https://cofynd.com/coworking/gurugram?page=7, OAHFEO FRAPPE, Sector 46 - Gurgaon, 7000 / month
https://cofynd.com/coworking/gurugram?page=7, Workbee, Sector 48 - Gurugram, 7000 / month
https://cofynd.com/coworking/gurugram?page=7, Cospaces Cowork Golf Course Road, DLF Phase 1 - Gurugram, 7549 / month
https://cofynd.com/coworking/gurugram?page=7, Guftagu Innohub Coworking Space, DLF Phase 2 - Gurugram, 9000 / month
https://cofynd.com/coworking/gurugram?page=8, Ofis Square, Sector 49 - Gurugram, 10500 / month
https://cofynd.com/coworking/gurugram?page=8, Lacore Workspaces, Vipul Trade Centre  -Gurgaon, 4000 / month
https://cofynd.com/coworking/gurugram?page=8, UIncept Workspaces by Cofynd, Golf Course Extension Road - Gurugram, 9000 / month
https://cofynd.com/coworking/gurugram?page=8, AltF Coworking, Sikanderpur - Sector 26 - Gurugram, 13000 / month
https://cofynd.com/coworking/gurugram?page=8, Workie, Sector 44 - Gurgaon, 9500 / month
https://cofynd.com/coworking/gurugram?page=8, Think Valley, Institutional Area - Gurugram, 9000 / month
https://cofynd.com/coworking/gurugram?page=8, Land 2 Roof | DLF Corporate Greens, Sector 74A - Gurugram, 6000 / month
https://cofynd.com/coworking/gurugram?page=8, The Office Pass, JMD Megapolis - Gurugram, 6500 / month
https://cofynd.com/coworking/gurugram?page=8, Team CoWork, MG Road - Sec 16 - Gurugram - Haryana, 7000 / month
https://cofynd.com/coworking/gurugram?page=8, The Office Pass, Unitech Cyber Park - Gurugram, 13000 / month
https://cofynd.com/coworking/gurugram?page=8, Primetech Edufolks, Sector-62 - Gurugram, 6500 / month
https://cofynd.com/coworking/gurugram?page=8, Spring House, MG Road - Gurugram, 14000 / month
https://cofynd.com/coworking/gurugram?page=8, Coworkinsta DLF phase 4, 4th Floor - DLF Phase IV - Gurugram, 9000 / month
https://cofynd.com/coworking/gurugram?page=8, Guftagu Innohub Coworking Space, DLF Phase 2 - Gurugram, 9000 / month
https://cofynd.com/coworking/gurugram?page=8, Nimble, opp. DLF Cyber City - Gurugram, 7400 / month
https://cofynd.com/coworking/gurugram?page=8, Vipul Business Park, Sohna Road - Gurgaon, 4000 / month
https://cofynd.com/coworking/gurugram?page=8, PK ONLINE, Sector 43 - Gurgaon, 40000 / month
https://cofynd.com/coworking/gurugram?page=8, Workstreet, Sector 47 - Gurugram, 4500 / month
https://cofynd.com/coworking/gurugram?page=8, B9, Sector 32 - Gurgaon, 6500 / month
https://cofynd.com/coworking/gurugram?page=8, VORKZONE, JMD Megapolis - Gurugram, 9000 / month
https://cofynd.com/coworking/gurugram?page=9, STEP 01, Institutional Area - Gurugram, 7500 / month
https://cofynd.com/coworking/gurugram?page=9, One Co.Work, Sushant Lok - Gurugram, 6500 / month
https://cofynd.com/coworking/gurugram?page=9, Alt-Office, B 583 Sushant Lok I - Gurgaon, 6000 / month
https://cofynd.com/coworking/gurugram?page=9, Ofis Square, Sector 49 - Gurugram, 10500 / month
https://cofynd.com/coworking/gurugram?page=9, Lacore Workspaces, Vipul Trade Centre  -Gurgaon, 4000 / month
https://cofynd.com/coworking/gurugram?page=9, UIncept Workspaces by Cofynd, Golf Course Extension Road - Gurugram, 9000 / month
https://cofynd.com/coworking/gurugram?page=9, AltF Coworking, Sikanderpur - Sector 26 - Gurugram, 13000 / month
https://cofynd.com/coworking/gurugram?page=9, Workie, Sector 44 - Gurgaon, 9500 / month
https://cofynd.com/coworking/gurugram?page=9, Think Valley, Institutional Area - Gurugram, 9000 / month
https://cofynd.com/coworking/gurugram?page=9, WeWork, The Galaxy Hotel - Gurugram, 18000 / month
https://cofynd.com/coworking/gurugram?page=9, Alt-Office, A 584 Sushant Lok I - Gurgaon, 6000 / month
https://cofynd.com/coworking/gurugram?page=9, Vipul Agora Coworking, MG Road - Gurugram, 12000 / month
https://cofynd.com/coworking/gurugram?page=9, Land 2 Roof | DLF Corporate Greens, Sector 74A - Gurugram, 6000 / month
https://cofynd.com/coworking/gurugram?page=9, Skootr, Infinity Tower - Gurugram, 25000 / month
https://cofynd.com/coworking/gurugram?page=9, Reoffice, Sector 50 - Good Earth City Centre - Gurugram, 7000 / month
https://cofynd.com/coworking/gurugram?page=9, One Culture Tech Garden, Udyog Vihar - Gurugram, 5000 / month
https://cofynd.com/coworking/gurugram?page=9, Guftagu Innohub Coworking Space, DLF Phase 2 - Gurugram, 9000 / month
https://cofynd.com/coworking/gurugram?page=9, Nimble, opp. DLF Cyber City - Gurugram, 7400 / month
https://cofynd.com/coworking/gurugram?page=9, Coactives, Sector 44 - Gurugram, 7000 / month
https://cofynd.com/coworking/gurugram?page=9, Helios Global, Sector 74A - Gurugram, 8000 / month
https://cofynd.com/coworking/gurugram?page=10, Celebal Tech, Sector 61 - Gurgaon, 10000 / month
https://cofynd.com/coworking/gurugram?page=10, Cospaces Cowork, DLF Phase 1 - Gurugram, 5999 / month
https://cofynd.com/coworking/gurugram?page=10, Think Valley, Unitech CyberPark - Gurugram, 8500 / month
https://cofynd.com/coworking/gurugram?page=10, Convenience with CoFynd, Sector 35 - Udyog Vihar VII - Gurugram, 4500 / month
https://cofynd.com/coworking/gurugram?page=10, Smartworks, Time Square Building - Gurugram, 15000 / month
https://cofynd.com/coworking/gurugram?page=10, STEP 01, Institutional Area - Gurugram, 7500 / month
https://cofynd.com/coworking/gurugram?page=10, One Co.Work, Sushant Lok - Gurugram, 6500 / month
https://cofynd.com/coworking/gurugram?page=10, innov8, Sector 32 - Gurgaon, 8500 / month
https://cofynd.com/coworking/gurugram?page=10, Ofis Square, Sector 49 - Gurugram, 10500 / month
https://cofynd.com/coworking/gurugram?page=10, Lacore Workspaces, Vipul Trade Centre  -Gurgaon, 4000 / month
https://cofynd.com/coworking/gurugram?page=10, India Accelerator, Golf Course Extension - Gurgaon, 10000 / month
https://cofynd.com/coworking/gurugram?page=10, FP - Coworking, Sector - 54 - Gurgaon, 7500 / month
https://cofynd.com/coworking/gurugram?page=10, CorporatEdge, DLF Epitome - Gurugram, 28000 / month
https://cofynd.com/coworking/gurugram?page=10, UIncept Workspaces by Cofynd, Golf Course Extension Road - Gurugram, 9000 / month
https://cofynd.com/coworking/gurugram?page=10, UMA COWORKS, Sohna Road - Gurgaon, 7999 / month
https://cofynd.com/coworking/gurugram?page=10, AltF Coworking, Sikanderpur - Sector 26 - Gurugram, 13000 / month
https://cofynd.com/coworking/gurugram?page=10, Workie, Sector 44 - Gurgaon, 9500 / month
https://cofynd.com/coworking/gurugram?page=10, Think Valley, Institutional Area - Gurugram, 9000 / month
https://cofynd.com/coworking/gurugram?page=10, Supremework, Sector 49 - Gurugram, 7000 / month
https://cofynd.com/coworking/gurugram?page=10, Atharva Co-working, Sector 49 - Gurgaon, 5000 / month
https://cofynd.com/coworking/gurugram?page=11, Celebal Tech, Sector 61 - Gurgaon, 10000 / month
https://cofynd.com/coworking/gurugram?page=11, Cospaces Cowork, DLF Phase 1 - Gurugram, 5999 / month
https://cofynd.com/coworking/gurugram?page=11, Think Valley, Unitech CyberPark - Gurugram, 8500 / month
https://cofynd.com/coworking/gurugram?page=11, Convenience with CoFynd, Sector 35 - Udyog Vihar VII - Gurugram, 4500 / month
https://cofynd.com/coworking/gurugram?page=11, Smartworks, Time Square Building - Gurugram, 15000 / month
https://cofynd.com/coworking/gurugram?page=11, STEP 01, Institutional Area - Gurugram, 7500 / month
https://cofynd.com/coworking/gurugram?page=11, One Co.Work, Sushant Lok - Gurugram, 6500 / month
https://cofynd.com/coworking/gurugram?page=11, Ofis Square, Sector 49 - Gurugram, 10500 / month
https://cofynd.com/coworking/gurugram?page=11, Lacore Workspaces, Vipul Trade Centre  -Gurgaon, 4000 / month
https://cofynd.com/coworking/gurugram?page=11, Worxspace Coworking LLP, Sohna Road - Gurugram, 7500 / month
https://cofynd.com/coworking/gurugram?page=11, Coworkkeys MG Road, Dlf phase 2 - Gurugram, 10000 / month
https://cofynd.com/coworking/gurugram?page=11, Swyam, Golf Course Road, 500 / month
https://cofynd.com/coworking/gurugram?page=11, AltF, Plaza Mall - Gurugram, 11000 / month
https://cofynd.com/coworking/gurugram?page=11, Green Gold 56, Golf Course Road - Gurugram, 1200 / hour
https://cofynd.com/coworking/gurugram?page=11, Omaxe Mall Coworking, Sector 49 - Sohna Road - Gurgaon, 8000 / month
https://cofynd.com/coworking/gurugram?page=11, Incuspaze - M3M Urbana Premium, Golf Course Extension Road - Gurgaon, 8000 / month
https://cofynd.com/coworking/gurugram?page=11, My Offiz, Sector 20 - Gurugram, 6000 / month
https://cofynd.com/coworking/gurugram?page=11, Collabora8, MG Road - Gurgaon, 15000 / month
https://cofynd.com/coworking/gurugram?page=11, Bunkr, Sector 48 - Gurgaon, 8000 / month
https://cofynd.com/coworking/gurugram?page=11, AltF MPD Tower, Golf Course Road - Gurgaon, 12000 / month
https://cofynd.com/coworking/gurugram?page=12, Innov8 DLF Cyber Green, DLF Cyber Greens - Gurugram, 23999 / month
https://cofynd.com/coworking/gurugram?page=12, Avanta Business Centre, MG Road - Gurugram, 15000 / month
